INSERT INTO "Station" ("StationName") VALUES ('ABANPOLA'), ('ADAGALA'), ('AGBOPURA'), 
('AHANGAMA'), ('AHUNGALLE'), ('AKURALA'), ('ALAWATUPITIYA'), ('ALAWWA'), ('ALUTH AMBALAMA'), 
('ALUTHGAMA'), ('AMBALANGODA'), ('AMBEWELA'), ('AMBEYPUSSA'), ('ANAWILUNDAWA'), 
('ANDADOLA'), ('ANGAMPITIYA'), ('ANGULANA'), ('ANURADHAPURA'), ('ANURADHAPURA TOWN'), 
('ARACHCHIKATTUWA'), ('ARAPATHGAMA'), ('ARIVIAL NAGAR'), ('ARUKKUWATTE'), ('ASELAPURA'), 
('ASGIRIYA'), ('AUKANA'), ('AVISSAWELLA'), ('BADULLA'), ('BALANA'), ('BALAPITIYA'), 
('BAMBALAPITIYA'), ('BAMBARENDA'), ('BANDARAWELA'), ('BANDIRIPPUWA'), ('BANGADENIYA'), 
('BASELINE ROAD'), ('BATTALUOYA'), ('BATTICALOA'), ('BATUWATTE'), ('BELIATHTHA'), 
('BEMMULLA'), ('BENTOTA'), ('BERUWALA'), ('BOLAWATTE'), ('BOOSSA'), ('BORELESSA'), 
('BOTALE'), ('BULUGAHAGODA'), ('BUTHGAMUWA'), ('CHAVAKACHCHERI'), ('CHEDDIIKULAM'), 
('CHILAW'), ('CHINA BEY'), ('CHUNNAKAM'), ('COLOMBO FORT'), ('COTTA ROAD'), ('DARALUWA'), 
('DEHIWALA'), ('DEKINDA'), ('DEMATAGODA'), ('DEMODARA'), ('DEWAPURAM'), ('DEWEDDA'), 
('DIYATALAWA'), ('DODANDUWA'), ('EGODA UYANA'), ('ELIPHANT PASS'), ('ELLE'), 
('ELUTHUMATTUVAL'), ('ELWALA'), ('ENDERAMULLA'), ('ERATTAPERIYAKULAM'), ('ERAVUR'), 
('ERUKKALAM PENDU'), ('FREE TRADE ZONE'), ('GALABODA'), ('GALGAMUWA'), ('GALLE'), 
('GALLELLA'), ('GALOYA JUNCTION'), ('GAMMANA'), ('GAMPAHA'), ('GAMPOLA'), ('GANEGODA'), 
('GANEMULLA'), ('GANEWATTE'), ('GANGATHILAKA'), ('GANGODA'), ('GANTALAWA'), ('GELIOYA'), 
('GINTHOTA'), ('GIRAMBE'), ('GODAGAMA'), ('GREAT WESTERN'), ('HABARADUWA'), ('HABARANA'), 
('Hadiriwalana'), ('HALIELA'), ('HAPUTALE'), ('HATAMUNA'), ('HATARAS KOTUWA'), ('HATTON'), 
('HEEL OYA'), ('HEENDENIYA'), ('HETTIMULLA'), ('HIKKADUWA'), ('HINGURAKGODA'), 
('HINGURALA'), ('HIRIYALA'), ('HOMAGAMA'), ('HOMAGAMA HOSPITAL'), ('HORAPE'), 
('HORIWIALA'), ('HUNUPITIYA'), ('HYINPORT'), ('IDALGASINNA'), ('IHALAGAMA'), 
('IHALAKOTTE'), ('IHALAWATAWALA'), ('INDURUWA'), ('INGURUOYA'), ('INUVIL'), 
('JA-ELA'), ('JAFFNA'), ('JAYANTHIPURA'), ('KADADASI NAGAR'), ('KADIGAMUWA'), 
('KADUGANNAWA'), ('KADUGODA'), ('KAHATAPITIYA'), ('KAHAWA'), ('KAKKAPALLIYA'), 
('KALAWEWA'), ('KALKUDAH'), ('KALUTARA NORTH'), ('KALUTARA SOUTH'), ('KAMBURUGAMUWA'), 
('KANDANA'), ('KANDEGODA'), ('KANDY'), ('KANKESANTHURAI'), ('KANTALE'), ('KAPUWATTE'), 
('KARADIPUWAL'), ('KATHALUWA'), ('KATTUWA'), ('KATUGASTOTA'), ('KATUGASTOTA ROAD'), 
('KATUGODA'), ('KATUKURUNDA'), ('KATUNAYAKA AIRPORT'), ('KATUNAYAKE'), ('KEENAWALA'), 
('KEKANADURA'), ('KEKIRAWA'), ('KELANIYA'), ('KILINOCHCHI'), ('KINIGAMA'), 
('KIRINDIWELA'), ('KIRULAPANA'), ('KITAL ELLE'), ('KOCHCHIKADE'), ('KODIKAMAM'), 
('KOGGALA'), ('KOHOMBILIWALA'), ('KOKUVIL'), ('KOLLUPITIYA'), ('KOLONNAWA'), 
('KOLONNAWA'), ('KOLONNAWA'), ('KOMPANNAVEDIYA'), ('KONDAVIL'), ('KONWEWA'), 
('KORALAWELLA'), ('KOSGAMA'), ('KOSGODA'), ('KOSHINNA'), ('KOTAGALA'), ('KOTTAWA'), 
('KUDA WAWA'), ('KUDAHAKAPOLA'), ('KUMARAKANDA'), ('KUMBALGAMA'), ('KURAHANHENAGAMA'), 
('KURANA'), ('KURUNEGALA'), ('LAKSAUYANA'), ('LIYANAGEMULLA'), ('LIYANWALA'), ('LUNAWA'), 
('LUNUWILA'), ('MADAMPAGAMA'), ('MADAMPE'), ('MADHU ROAD'), ('MADURANKULIYA'), 
('MAGALEGODA'), ('MAGGONA'), ('MAGULEGODA'), ('MAHAIYAWA'), ('MAHARAGAMA'), ('MAHO'), 
('MAKUMBURA'), ('MALLAKAM'), ('MANAMPITIYA'), ('MANGALAELIYA'), ('MANKULAM'), ('MANNAR'), 
('MANUWANGAMA'), ('MARADANA'), ('MARAKONA'), ('MARALUWEWA'), ('MATALE'), ('MATARA'), 
('MATHOTTAM'), ('MAVILMADA'), ('MAVITTAPURAM'), ('MEDAGAMA'), ('MEDAWACHCHIYA'), 
('MEDDEGAMA'), ('MEEGAMMANA'), ('MEEGODA'), ('MEESALAI'), ('MHA INDURUWA'), ('MIDIGAMA'), 
('MIHINTALE'), ('MIHINTALE JUNCTION'), ('MINNERIYA'), ('MIRIGAMA'), ('MIRIHANPITIGAMA'),
('MIRISSA'), ('MIRISWATTA'), ('MIRUSUVIL'), ('MOLLIPATANA'), ('MORAGOLLAGAMA'), 
('MORAKELE'), ('MORATUWA'), ('MOUNT LAVINIA'), ('MUNDAL'), ('MURIKANDY'), ('MURUNKAN'), 
('MUTHTHETTUGALA'), ('NAGOLLAGAMA'), ('NAILIYA'),('NAKULUGAMUWA'), ('NANUOYA'), 
('NARAHENPITA'), ('NATTANDIYA'), ('NAVATKULI'), ('NAWALAPITIYA'), ('NAWINNA'),
('NEGAMA'), ('NEGOMBO'), ('NELUMPATHGAMA'), ('NELUMPOKUNA'), ('NERIYAKULAM'), 
('NOORANAGAR'), ('NUGEGODA'), ('OHIYA'), ('OMANTHAI'), ('PADUKKA'), ('PAHALAWARDHANA'), 
('PALAVI'), ('PALLAI'), ('PALLE TALAVINNA'),('PALLEWALA'), ('PALUGASWEWA'), ('PANADURA'), 
('PANAGODA'), ('PANALEEYA'), ('PANGIRIWATTA'), ('PANNIPITIYA'), ('PARAKUMUYANA'), 
('PARANTHAN'), ('PARASANGAHAWEWA'), ('PATAGAMGODA'), ('PATHANPAHA'), ('PATTIPOLA'),
('PAYAGALA NORTH'), ('PAYAGALA SOUTH'), ('PEMROSE'), ('PERADENIYA'), ('PERAKUMPURA'), 
('PERALANDA'), ('PERIYANAGAVILLU'), ('PESALAI'), ('PILADUWA'), ('PILIDUWA'), 
('PILIMATALAWA'), ('PINNAGOLLA'), ('PINNAWALA'), ('PINWATTE'), ('PIYADIGAMA'), 
('PIYAGAMA'), ('POLGAHA ANGA'), ('POLGAHAWELA'), ('POLONNARUWA'), ('POLWATHUMODARA'),
('POONEWA'), ('PORAPOLA'), ('PORAPOLA JUNC.'), ('POTUHERA'), ('PULACHCHIKULAM'), 
('PULIYANKULAM'), ('PUNANI'), ('PUNKANKULAM'), ('PUTTALAM'), ('PUWAKPITIYA'), 
('PUWAKPITIYA TOWN'), ('RADELLA'), ('RAGAMA'), ('RAMBUKKANA'), ('RANAMUGGAMUWA'), 
('RANDENIGAMA'), ('RATHGAMA'), ('RATMALANA'), ('REDEETHENNA'), ('RICHMOND HILL'),
('ROSELLA'), ('SALIYAPURA'), ('SANKATHANAI'), ('SARASAVIUYANA'), ('SAWARANA'), 
('SECRETARIAL HALT'), ('SEEDUWA'), ('SEENIGAMA'), ('SENARATHGAMA'), ('SEVANAPITIYA'), 
('SIYABALANGAMUWA'), ('SIYALANGAMUWA'), ('SRAWASTHIPURA'), ('TALAIMANNAR'), 
('TALAIMANNAR PIER'), ('TALAWA'), ('TALAWAKELE'), ('TALAWATTEGEDARA'), 
('TAWALANOYA'), ('TELLIPALLAI'), ('TELWATTE'), ('TEMBLIGALA'), ('THACHANTHOPPU'), 
('THALPE'), ('THAMBAGALLA'), ('THAMBALAGAMUWA'), ('THAMBUTTEGAMA'),
('THANDIKULAM'), ('THIIRUKETHEESWARAM'), ('THILLADIYA'), ('THIRANAGAMA'), 
('THODDAVELI'), ('THURULIYAGAMA'), ('TIMBIRIYAGEDARA'), ('TISMALPOLA'), 
('TRAIN HALT 01'), ('TRINCOMALEE'), ('TUDELLA'), ('TUMMODARA'), ('UDATALAWINNA'), 
('UDATHTHAWALA'), ('UDHAMULLA'), ('UDUGODAGAMA'), ('UDUWARA'), ('UGGALLA'), ('UKUWELA'),
('ULAPANE'), ('UNAWATUNA'), ('Urugodawattha'), ('UYANGALLA'), ('VALACHCHENEI'), 
('VANDARAMULLAI'), ('VAVUNIYA'), ('VEYANGODA'), ('VIRALMURIPPUWA'), ('WADDUWA'), 
('WAGA'), ('WAIKKALA'), ('WALAHAPITIYA'), ('WALASWEWA'), ('WALGAMA'),
('WALPOLA'), ('WANAWASALA'), ('WANDURAWA'), ('WATAGODA'), ('WATARAKA'), 
('WATAWALA'), ('WATTEGAMA'), ('WEHERAHENA'), ('Weligalla'), ('WELIGAMA'), 
('WELIKANDA'), ('WELLAWA'), ('WELLAWATTA'), ('WERAGALA'), ('WEWURUKANNALA'),
('WIJAYARAJADAHANA'), ('WILWATTE'), ('WLAKUBURA'), ('YAGODA'), ('YAPAHUWA'), 
('YATAGAMA'), ('YATAWARA'), ('YATIRAWANA'), ('YATTALGODA');


-- TrainSchedule table

INSERT INTO "TrainSchedule" ("TrainNo", "TrainName", "Source", "Destination", "ArrivalTime", "DepartureTime", "TrainType", "Frequency", "DefaultWagonsWithDirection", "InvertedStations", "DefaultTotalSeats")
VALUES
    (1001, 'Express 1', 101, 201, '08:00:00', '09:30:00', 'Express', 1, '{{1, 2}, {3, 4}}', '{1, 3}', 150),
    (1002, 'Local 1', 102, 202, '07:30:00', '10:00:00', 'Local', 2, '{{2, 1}, {4, 3}}', '{2, 4}', 100),
    (1003, 'Fast 1', 103, 203, '09:15:00', '11:45:00', 'Fast', 1, '{{1, 3}, {2, 4}}', '{1, 2}', 200),
    (1004, 'Express 2', 104, 204, '10:00:00', '12:30:00', 'Express', 2, '{{3, 1}, {4, 2}}', '{3, 4}', 180),
    (1005, 'Local 2', 105, 205, '12:30:00', '14:00:00', 'Local', 1, '{{1, 4}, {3, 2}}', '{1, 3}', 120);

INSERT INTO "TrainSchedule" ("TrainNo", "TrainName", "Source", "Destination", "ArrivalTime", "DepartureTime", "TrainType", "Frequency", "DefaultWagonsWithDirection", "InvertedStations", "DefaultTotalSeats")
VALUES
    (1006, 'Express 3', 106, 206, '08:45:00', '11:15:00', 'Express', 2, '{{1, 4}, {2, 3}}', '{2, 4}', 170),
    (1007, 'Local 3', 107, 207, '06:30:00', '08:00:00', 'Local', 1, '{{3, 2}, {4, 1}}', '{1, 2}', 110),
    (1008, 'Fast 2', 108, 208, '10:20:00', '12:50:00', 'Fast', 2, '{{2, 1}, {4, 3}}', '{3, 4}', 190),
    (1009, 'Express 4', 109, 209, '11:15:00', '13:45:00', 'Express', 1, '{{1, 3}, {2, 4}}', '{1, 2}', 160),
    (1010, 'Local 4', 110, 210, '14:30:00', '16:00:00', 'Local', 1, '{{3, 4}, {1, 2}}', '{2, 3}', 130),
    (1011, 'Fast 3', 111, 211, '16:45:00', '19:15:00', 'Fast', 2, '{{2, 4}, {3, 1}}', '{1, 4}', 210),
    (1012, 'Express 5', 112, 212, '18:30:00', '21:00:00', 'Express', 1, '{{4, 1}, {3, 2}}', '{2, 4}', 140),
    (1013, 'Local 5', 113, 213, '05:00:00', '07:30:00', 'Local', 2, '{{1, 2}, {3, 4}}', '{1, 3}', 90),
    (1014, 'Express 6', 114, 214, '08:15:00', '10:45:00', 'Express', 2, '{{1, 3}, {2, 4}}', '{1, 4}', 220),
    (1015, 'Local 6', 115, 215, '09:30:00', '12:00:00', 'Local', 1, '{{3, 1}, {4, 2}}', '{2, 3}', 180),
    (1016, 'Fast 4', 116, 216, '12:45:00', '15:15:00', 'Fast', 2, '{{4, 3}, {2, 1}}', '{1, 2}', 170),
    (1017, 'Express 7', 117, 217, '14:00:00', '16:30:00', 'Express', 1, '{{1, 4}, {2, 3}}', '{3, 4}', 150),
    (1018, 'Local 7', 118, 218, '16:15:00', '18:45:00', 'Local', 2, '{{4, 2}, {3, 1}}', '{1, 4}', 200),
    (1019, 'Fast 5', 119, 219, '19:30:00', '22:00:00', 'Fast', 1, '{{2, 4}, {1, 3}}', '{2, 3}', 120),
    (1020, 'Express 8', 120, 220, '20:45:00', '23:15:00', 'Express', 2, '{{3, 1}, {4, 2}}', '{1, 2}', 250),
    (1021, 'Local 8', 121, 221, '05:30:00', '08:00:00', 'Local', 1, '{{1, 2}, {3, 4}}', '{1, 3}', 130),
    (1022, 'Fast 6', 122, 222, '07:15:00', '09:45:00', 'Fast', 2, '{{2, 3}, {4, 1}}', '{3, 4}', 170),
    (1023, 'Express 9', 123, 223, '09:30:00', '12:00:00', 'Express', 1, '{{4, 3}, {1, 2}}', '{2, 4}', 190),
    (1024, 'Local 9', 124, 224, '11:15:00', '13:45:00', 'Local', 1, '{{1, 4}, {2, 3}}', '{1, 4}', 140),
    (1025, 'Fast 7', 125, 225, '13:30:00', '16:00:00', 'Fast', 2, '{{3, 2}, {4, 1}}', '{1, 2}', 210);



-- Frequency table

INSERT INTO "Frequency" ("Name", "Monday", "Tuesday", "Wednesday", "Thursday",
 "Friday") VALUES ('Weekdays', TRUE, TRUE, TRUE, TRUE, TRUE);

 INSERT INTO "Frequency" ("Name", "Saturday", "Sunday")
VALUES ('Weekends Only', true, true);


 -- TrainStop table

INSERT INTO "TrainStop" ("TrainNo", "StationID", "ArrivalTime", "DepartureTime", "Load", "PlatformNo")
VALUES
    (8716, 101, '08:00:00', '08:05:00', 7, 1),
    (8716, 205, '08:20:00', '08:25:00', 3, 2),
    (8716, 308, '08:40:00', '08:45:00', 9, 1),
    (8716, 112, '09:00:00', '09:05:00', 5, 3),
    (8716, 315, '09:20:00', '09:25:00', 8, 2),
    (8716, 118, '09:40:00', '09:45:00', 2, 1),
    (8716, 220, '10:00:00', '10:05:00', 6, 4),
    (8716, 323, '10:20:00', '10:25:00', 10, 3),
    (8716, 129, '10:40:00', '10:45:00', 4, 2),
    (8716, 235, '11:00:00', '11:05:00', 1, 1);

    INSERT INTO "TrainStop" ("TrainNo", "StationID", "ArrivalTime", "DepartureTime", "Load", "PlatformNo")
VALUES
    (1001, 101, '08:00:00', '08:15:00', 30, 1),
    (1001, 102, '08:30:00', '08:45:00', 25, 2),
    (1001, 103, '09:00:00', '09:15:00', 20, 1),
    (1001, 104, '09:30:00', '09:45:00', 22, 3),
    (1001, 105, '10:00:00', '10:15:00', 28, 2),
    (1002, 101, '07:30:00', '07:45:00', 24, 1),
    (1002, 102, '08:00:00', '08:15:00', 27, 2),
    (1002, 103, '08:30:00', '08:45:00', 29, 1),
    (1002, 104, '09:00:00', '09:15:00', 21, 3),
    (1002, 105, '09:30:00', '09:45:00', 26, 2),
    (1003, 101, '09:15:00', '09:30:00', 18, 1),
    (1003, 102, '09:45:00', '10:00:00', 23, 2),
    (1003, 103, '10:15:00', '10:30:00', 19, 1),
    (1003, 104, '10:45:00', '11:00:00', 31, 3),
    (1003, 105, '11:15:00', '11:30:00', 27, 2),
    (1004, 101, '10:00:00', '10:15:00', 30, 1),
    (1004, 102, '10:30:00', '10:45:00', 25, 2),
    (1004, 103, '11:00:00', '11:15:00', 20, 1),
    (1004, 104, '11:30:00', '11:45:00', 22, 3),
    (1004, 105, '12:00:00', '12:15:00', 28, 2),
    (1005, 101, '12:30:00', '12:45:00', 24, 1),
    (1005, 102, '12:45:00', '13:00:00', 27, 2),
    (1005, 103, '13:15:00', '13:30:00', 29, 1),
    (1005, 104, '13:45:00', '14:00:00', 21, 3),
    (1005, 105, '14:15:00', '14:30:00', 26, 2),
    (1006, 101, '15:00:00', '15:15:00', 28, 1),
    (1006, 102, '15:30:00', '15:45:00', 23, 2),
    (1006, 103, '16:00:00', '16:15:00', 19, 1),
    (1006, 104, '16:30:00', '16:45:00', 31, 3),
    (1006, 105, '17:00:00', '17:15:00', 27, 2);


-- Wagon table

INSERT INTO "Wagon" ("Capacity", "Class", "SeatNoScheme", "Description", "HasTables", "Amenities")
VALUES (60, 'Third Class', 
    '{{"d","","","","d"},
      {"xw","xf","xf","xm","xw"},
      {"xw","xf","xf","xm","xw"},
      {"yw","yf","yf","ym","yw"},
      {"yw","yf","yf","ym","yw"},
      {"xw","xf","xf","xm","xw"},
      {"xw","xf","xf","xm","xw"},
      {"yw","yf","yf","ym","yw"},
      {"yw","yf","yf","ym","yw"},
      {"xw","xf","xf","xm","xw"},
      {"xw","xf","xf","xm","xw"},
      {"yw","yf","yf","ym","yw"},
      {"yw","yf","yf","ym","yw"},
      {"s","","","","t"}}', 
    'Standard Economy Wagon', 
    false, 
    '{"Ceiling Fans", "Reading Lights"}');


INSERT INTO "Wagon" ("Capacity", "Class", "SeatNoScheme", "Description", "HasTables", "Amenities")
VALUES (40, 'Second Class', 
    '{{"d","","","d"},
      {"w","f","f","w"},
      {"w","f","f","w"},
      {"w","f","f","w"},
      {"w","f","f","w"},
      {"w","f","f","w"},
      {"w","f","f","w"},
      {"w","f","f","w"},
      {"w","f","f","w"},
      {"w","f","f","w"},
      {"w","f","f","w"},
      {"s","","","t"}}', 
    'Standard Second Class Wagon', 
    false, 
    '{"Ceiling Fans", "Reading Lights", "Folding table", "Cup holder"}');


-- Train table
INSERT INTO "Train" ("TrainNo", "Date")
VALUES
    (1001, '2023-08-01'),
    (1002, '2023-08-02'),
    (1003, '2023-08-03'),
    (1004, '2023-08-04'),
    (1005, '2023-08-05'),
    (1006, '2023-08-06'),
    (1007, '2023-08-07'),
    (1008, '2023-08-08'),
    (1009, '2023-08-09'),
    (1010, '2023-08-10'),
    (1011, '2023-08-11'),
    (1012, '2023-08-12'),
    (1013, '2023-08-13'),
    (1014, '2023-08-14'),
    (1015, '2023-08-15');


--Bookings table
INSERT INTO "Booking" ("userID", "TrainID", "isReturn", "Source", "Destination", "BookedTime", "Amount", "isPaid")
VALUES
    ('15571d9e-10a8-4e2d-b269-e7e4b61eae20', 1, false, 101, 201, NOW(), ROUND(CAST(RANDOM() * 1700 + 300 AS NUMERIC), 2), true),
    ('2452a9d7-74ce-4b70-ac52-acadc2e3ca8c', 2, true, 102, 202, NOW(), ROUND(CAST(RANDOM() * 1700 + 300 AS NUMERIC), 2), true),
    ('3dc75c2a-e783-4fc6-8f7f-903e1debb088', 3, false, 103, 203, NOW(), ROUND(CAST(RANDOM() * 1700 + 300 AS NUMERIC), 2), true),
    ('3de41578-5887-456b-b0b3-f25adf611094', 4, true, 104, 204, NOW(), ROUND(CAST(RANDOM() * 1700 + 300 AS NUMERIC), 2), true),
    ('48f29f5f-b239-4bd9-954d-d65f369160b6', 5, false, 105, 205, NOW(), ROUND(CAST(RANDOM() * 1700 + 300 AS NUMERIC), 2), true),
    ('48f79d96-a4d9-4322-a0cf-e711274cb538', 6, true, 106, 206, NOW(), ROUND(CAST(RANDOM() * 1700 + 300 AS NUMERIC), 2), true),
    ('52cf66af-576c-4199-bdec-5e937d219fe7', 7, false, 107, 207, NOW(), ROUND(CAST(RANDOM() * 1700 + 300 AS NUMERIC), 2), true),
    ('5a3ea9cd-b449-47ea-8873-b2557da278d9', 8, true, 108, 208, NOW(), ROUND(CAST(RANDOM() * 1700 + 300 AS NUMERIC), 2), true),
    ('5e938b7b-2328-4bdb-b705-d7cb18b0eb1b', 9, false, 109, 209, NOW(), ROUND(CAST(RANDOM() * 1700 + 300 AS NUMERIC), 2), true),
    ('6225b96b-1520-4d0e-8501-1b0702c7755b', 10, true, 110, 210, NOW(), ROUND(CAST(RANDOM() * 1700 + 300 AS NUMERIC), 2), true),
    ('6876310d-b1b1-4e43-8f8e-331a10b765c1', 11, false, 111, 211, NOW(), ROUND(CAST(RANDOM() * 1700 + 300 AS NUMERIC), 2), true),
    ('68e4eb75-7fcc-4bc5-b2e2-2ac81ad0b585', 12, true, 112, 212, NOW(), ROUND(CAST(RANDOM() * 1700 + 300 AS NUMERIC), 2), true),
    ('6bed8ed9-d0a5-46ba-87d5-e5c2c9b6ef9a', 13, false, 113, 213, NOW(), ROUND(CAST(RANDOM() * 1700 + 300 AS NUMERIC), 2), true),
    ('6bed8ed9-d0a5-46ba-87d5-e5c2c9b6ef9a', 14, true, 114, 214, NOW(), ROUND(CAST(RANDOM() * 1700 + 300 AS NUMERIC), 2), true),
    ('6bed8ed9-d0a5-46ba-87d5-e5c2c9b6ef9a', 15, false, 115, 215, NOW(), ROUND(CAST(RANDOM() * 1700 + 300 AS NUMERIC), 2), true);

INSERT INTO "Booking" ("userID", "TrainID", "isReturn", "Source", "Destination", "BookedTime", "Amount", "isPaid")
VALUES
    ('15571d9e-10a8-4e2d-b269-e7e4b61eae20', 1, false, 101, 201, '2023-01-15 08:30:00', 500.50, true),
    ('2452a9d7-74ce-4b70-ac52-acadc2e3ca8c', 2, false, 102, 202, '2023-02-20 09:45:00', 750.75, true),
    ('3dc75c2a-e783-4fc6-8f7f-903e1debb088', 3, true, 103, 203, '2023-03-10 15:20:00', 800.25, false),
    ('3de41578-5887-456b-b0b3-f25adf611094', 4, false, 104, 204, '2023-04-05 14:15:00', 600.00, true),
    ('48f29f5f-b239-4bd9-954d-d65f369160b6', 5, false, 105, 205, '2023-05-12 07:55:00', 950.30, true),
    ('48f79d96-a4d9-4322-a0cf-e711274cb538', 1, true, 101, 201, '2023-06-18 12:10:00', 450.20, false),
    ('52cf66af-576c-4199-bdec-5e937d219fe7', 2, false, 102, 202, '2023-07-22 16:30:00', 700.10, true),
    ('5a3ea9cd-b449-47ea-8873-b2557da278d9', 3, false, 103, 203, '2023-08-08 10:45:00', 850.80, true),
    ('5e938b7b-2328-4bdb-b705-d7cb18b0eb1b', 4, true, 104, 204, '2023-09-25 09:15:00', 900.00, true),
    ('6225b96b-1520-4d0e-8501-1b0702c7755b', 5, false, 105, 205, '2023-10-30 17:40:00', 600.60, true),
    ('6876310d-b1b1-4e43-8f8e-331a10b765c1', 1, false, 101, 201, '2023-11-07 18:25:00', 750.90, false),
    ('68e4eb75-7fcc-4bc5-b2e2-2ac81ad0b585', 2, true, 102, 202, '2023-12-12 13:50:00', 550.25, true);

INSERT INTO "Booking" ("userID", "TrainID", "isReturn", "Source", "Destination", "BookedTime", "Amount", "isPaid")
VALUES
    ('6bed8ed9-d0a5-46ba-87d5-e5c2c9b6ef9a', 3, false, 103, 203, '2023-01-05 08:15:00', 400.75, true),
    ('15571d9e-10a8-4e2d-b269-e7e4b61eae20', 1, false, 101, 201, '2023-02-10 09:30:00', 550.50, true),
    ('2452a9d7-74ce-4b70-ac52-acadc2e3ca8c', 2, false, 102, 202, '2023-03-15 11:45:00', 600.25, true),
    ('3dc75c2a-e783-4fc6-8f7f-903e1debb088', 3, false, 103, 203, '2023-04-20 13:00:00', 750.00, true),
    ('3de41578-5887-456b-b0b3-f25adf611094', 4, false, 104, 204, '2023-05-25 14:15:00', 450.90, true),
    ('48f29f5f-b239-4bd9-954d-d65f369160b6', 5, false, 105, 205, '2023-06-30 15:30:00', 900.60, true),
    ('48f79d96-a4d9-4322-a0cf-e711274cb538', 1, true, 101, 201, '2023-07-05 16:45:00', 800.20, true),
    ('52cf66af-576c-4199-bdec-5e937d219fe7', 2, false, 102, 202, '2023-08-10 18:00:00', 700.80, true),
    ('5a3ea9cd-b449-47ea-8873-b2557da278d9', 3, false, 103, 203, '2023-09-15 19:15:00', 550.50, true),
    ('5e938b7b-2328-4bdb-b705-d7cb18b0eb1b', 4, true, 104, 204, '2023-10-20 20:30:00', 650.25, true),
    ('6225b96b-1520-4d0e-8501-1b0702c7755b', 5, false, 105, 205, '2023-11-25 21:45:00', 700.00, true),
    ('6876310d-b1b1-4e43-8f8e-331a10b765c1', 1, false, 101, 201, '2023-12-30 22:00:00', 600.90, true),
    ('68e4eb75-7fcc-4bc5-b2e2-2ac81ad0b585', 2, true, 102, 202, '2023-01-02 23:15:00', 800.80, true),
    ('6bed8ed9-d0a5-46ba-87d5-e5c2c9b6ef9a', 3, false, 103, 203, '2023-02-05 08:30:00', 950.50, true),
    ('15571d9e-10a8-4e2d-b269-e7e4b61eae20', 1, false, 101, 201, '2023-03-10 09:45:00', 350.25, true),
    ('2452a9d7-74ce-4b70-ac52-acadc2e3ca8c', 2, false, 102, 202, '2023-04-15 11:00:00', 550.00, true),
    ('3dc75c2a-e783-4fc6-8f7f-903e1debb088', 3, false, 103, 203, '2023-05-20 12:15:00', 700.90, true),
    ('3de41578-5887-456b-b0b3-f25adf611094', 4, false, 104, 204, '2023-06-25 13:30:00', 450.80, true),
    ('48f29f5f-b239-4bd9-954d-d65f369160b6', 5, false, 105, 205, '2023-07-30 14:45:00', 650.50, true),
    ('48f79d96-a4d9-4322-a0cf-e711274cb538', 1, true, 101, 201, '2023-08-04 16:00:00', 850.25, true);

INSERT INTO "Booking" ("userID", "TrainID", "isReturn", "Source", "Destination", "BookedTime", "Amount", "isPaid")
VALUES
  ('15571d9e-10a8-4e2d-b269-e7e4b61eae20', 1, false, 101, 201, '2022-01-15 08:30:00', 500.00, true),
  ('2452a9d7-74ce-4b70-ac52-acadc2e3ca8c', 2, false, 102, 202, '2022-02-20 14:45:00', 750.00, true),
  ('3dc75c2a-e783-4fc6-8f7f-903e1debb088', 3, true, 103, 203, '2022-03-10 10:15:00', 600.00, true),
  ('3de41578-5887-456b-b0b3-f25adf611094', 4, false, 104, 204, '2022-04-05 12:00:00', 450.00, true),
  ('48f29f5f-b239-4bd9-954d-d65f369160b6', 5, true, 105, 205, '2022-05-18 16:30:00', 700.00, true),
  ('48f79d96-a4d9-4322-a0cf-e711274cb538', 6, false, 106, 206, '2022-06-23 09:20:00', 800.00, true),
  ('52cf66af-576c-4199-bdec-5e937d219fe7', 7, false, 107, 207, '2022-07-07 17:55:00', 550.00, true),
  ('5a3ea9cd-b449-47ea-8873-b2557da278d9', 8, true, 108, 208, '2022-08-12 11:40:00', 900.00, true),
  ('5e938b7b-2328-4bdb-b705-d7cb18b0eb1b', 9, false, 109, 209, '2022-09-30 18:10:00', 650.00, true),
  ('6225b96b-1520-4d0e-8501-1b0702c7755b', 10, true, 110, 210, '2022-10-22 13:25:00', 850.00, true);




